{
  "prediction": [
    1
  ],
  "probability": [
    0.4435410408198432,
    0.556458959180157
  ]
}